subject-id;ses-mri02;ses-mri03;ses-mri04
sub-001;target_3;target_1;target_2
sub-002;target_3;target_1;target_2
sub-003;target_1;target_3;target_2
sub-004;target_3;target_2;target_1
sub-005;target_2;target_3;target_1
sub-006;target_3;target_2;target_1
sub-007;target_3;target_2;target_1
sub-008;target_2;target_1;target_3
sub-009;target_3;target_2;target_1
sub-010;target_2;target_3;target_1
sub-011;target_2;target_3;target_1
sub-012;target_2;target_3;target_1
sub-013;target_2;target_1;target_3
sub-014;target_2;target_3;target_1
sub-015;target_1;target_2;target_3
sub-016;target_3;target_2;target_1
sub-017;target_3;target_2;target_1
sub-018;target_2;target_1;target_3
sub-019;target_2;target_1;target_3
sub-020;target_3;target_1;target_2
sub-021;target_1;target_2;target_3
sub-022;target_1;target_3;target_2
sub-023;target_2;target_1;target_3
sub-024;target_1;target_3;target_2
sub-025;target_3;target_2;target_1
sub-026;target_2;target_3;target_1
sub-027;target_2;target_1;target_3
sub-028;target_3;target_2;target_1
sub-029;target_1;target_3;target_2
sub-030;target_3;target_2;target_1
sub-031;target_3;target_2;target_1
sub-032;target_2;target_3;target_1
sub-033;target_3;target_2;target_1
sub-034;target_2;target_3;target_1
sub-035;target_3;target_1;target_2
sub-036;target_3;target_1;target_2
sub-037;target_2;target_1;target_3
sub-038;target_1;target_2;target_3
sub-039;target_1;target_2;target_3
sub-040;target_1;target_3;target_2
sub-041;target_3;target_1;target_2
sub-042;target_2;target_3;target_1
sub-043;target_2;target_3;target_1
sub-044;target_1;target_3;target_2
sub-045;target_2;target_1;target_3
sub-046;target_1;target_3;target_2
sub-047;target_1;target_2;target_3
sub-048;target_2;target_3;target_1
sub-049;target_3;target_1;target_2
sub-050;target_3;target_2;target_1
sub-051;target_1;target_3;target_2
sub-052;target_1;target_2;target_3
sub-053;target_2;target_1;target_3
sub-054;target_2;target_1;target_3
sub-055;target_1;target_3;target_2
sub-056;target_2;target_1;target_3
sub-057;target_3;target_1;target_2
sub-058;target_1;target_2;target_3
sub-059;target_3;target_2;target_1
sub-060;target_3;target_2;target_1
sub-061;target_3;target_1;target_2
sub-062;target_3;target_1;target_2
sub-063;target_3;target_1;target_2
sub-064;target_1;target_3;target_2
sub-065;target_2;target_1;target_3
sub-066;target_2;target_3;target_1
sub-067;target_1;target_3;target_2
sub-068;target_1;target_3;target_2
sub-069;target_2;target_3;target_1
sub-070;target_3;target_2;target_1
sub-071;target_2;target_1;target_3
sub-072;target_3;target_1;target_2
sub-073;target_3;target_2;target_1
sub-074;target_2;target_3;target_1
sub-075;target_1;target_2;target_3
sub-076;target_2;target_3;target_1
sub-077;target_3;target_1;target_2
sub-078;target_3;target_1;target_2
sub-079;target_2;target_1;target_3
sub-080;target_2;target_3;target_1
sub-081;target_2;target_3;target_1
sub-082;target_3;target_1;target_2
sub-083;target_2;target_3;target_1
sub-084;target_3;target_2;target_1
sub-085;target_1;target_2;target_3
sub-086;target_2;target_1;target_3
sub-087;target_2;target_3;target_1
sub-088;target_3;target_2;target_1
sub-089;target_3;target_2;target_1
sub-090;target_2;target_1;target_3
sub-091;target_3;target_2;target_1
sub-092;target_3;target_2;target_1
sub-093;target_2;target_1;target_3
sub-094;target_1;target_2;target_3
sub-095;target_3;target_1;target_2
sub-096;target_3;target_2;target_1
sub-097;target_2;target_1;target_3
sub-098;target_3;target_1;target_2
sub-099;target_3;target_2;target_1
sub-100;target_1;target_2;target_3
sub-101;target_1;target_3;target_2
sub-102;target_1;target_3;target_2
sub-103;target_3;target_2;target_1
sub-104;target_2;target_3;target_1
sub-105;target_2;target_1;target_3
sub-106;target_2;target_3;target_1
sub-107;target_2;target_3;target_1
sub-108;target_2;target_1;target_3
sub-109;target_1;target_2;target_3
sub-110;target_1;target_2;target_3
sub-111;target_2;target_1;target_3
sub-112;target_1;target_2;target_3
sub-113;target_3;target_2;target_1
sub-114;target_2;target_3;target_1
sub-115;target_1;target_2;target_3
sub-116;target_1;target_2;target_3
sub-117;target_1;target_3;target_2
sub-118;target_1;target_2;target_3
sub-119;target_3;target_1;target_2
sub-120;target_3;target_1;target_2
sub-121;target_1;target_3;target_2
sub-122;target_3;target_2;target_1
sub-123;target_2;target_3;target_1
sub-124;target_3;target_1;target_2
sub-125;target_2;target_3;target_1
sub-126;target_2;target_3;target_1
sub-127;target_2;target_1;target_3
sub-128;target_2;target_1;target_3
sub-129;target_1;target_3;target_2
sub-130;target_3;target_2;target_1
sub-131;target_1;target_2;target_3
sub-132;target_2;target_3;target_1
sub-133;target_3;target_1;target_2
sub-134;target_1;target_3;target_2
sub-135;target_1;target_2;target_3
sub-136;target_1;target_3;target_2
sub-137;target_1;target_3;target_2
sub-138;target_1;target_2;target_3
sub-139;target_2;target_3;target_1
sub-140;target_3;target_1;target_2
sub-141;target_1;target_3;target_2
sub-142;target_3;target_1;target_2
sub-143;target_3;target_2;target_1
sub-144;target_2;target_3;target_1
sub-145;target_2;target_1;target_3
sub-146;target_2;target_1;target_3
sub-147;target_1;target_3;target_2
sub-148;target_2;target_1;target_3
sub-149;target_3;target_2;target_1
sub-150;target_1;target_3;target_2
sub-151;target_2;target_1;target_3
sub-152;target_2;target_1;target_3
sub-153;target_2;target_3;target_1
sub-154;target_1;target_3;target_2
sub-155;target_1;target_2;target_3
sub-156;target_1;target_2;target_3
sub-157;target_1;target_3;target_2
sub-158;target_3;target_1;target_2
sub-159;target_3;target_2;target_1
sub-160;target_1;target_2;target_3
sub-161;target_2;target_1;target_3
sub-162;target_3;target_2;target_1
sub-163;target_1;target_2;target_3
sub-164;target_2;target_3;target_1
sub-165;target_1;target_2;target_3
sub-166;target_3;target_1;target_2
sub-167;target_1;target_3;target_2
sub-168;target_1;target_2;target_3
sub-169;target_3;target_1;target_2
sub-170;target_1;target_3;target_2
sub-171;target_1;target_2;target_3
sub-172;target_1;target_2;target_3
sub-173;target_3;target_1;target_2
sub-174;target_2;target_1;target_3
sub-175;target_3;target_2;target_1
sub-176;target_1;target_2;target_3
sub-177;target_2;target_1;target_3
sub-178;target_2;target_1;target_3
sub-179;target_3;target_2;target_1
sub-180;target_2;target_1;target_3
sub-181;target_2;target_1;target_3
sub-182;target_1;target_3;target_2
sub-183;target_1;target_3;target_2
sub-184;target_3;target_2;target_1
sub-185;target_3;target_1;target_2
sub-186;target_3;target_1;target_2
sub-187;target_2;target_3;target_1
sub-188;target_2;target_1;target_3
sub-189;target_3;target_2;target_1
sub-190;target_2;target_3;target_1
sub-191;target_3;target_1;target_2
sub-192;target_2;target_3;target_1
sub-193;target_2;target_1;target_3
sub-194;target_3;target_2;target_1
sub-195;target_1;target_3;target_2
sub-196;target_3;target_2;target_1
sub-197;target_3;target_1;target_2
sub-198;target_1;target_2;target_3
sub-199;target_2;target_1;target_3
sub-200;target_1;target_3;target_2
sub-201;target_2;target_3;target_1
sub-202;target_2;target_3;target_1
sub-203;target_3;target_2;target_1
sub-204;target_3;target_1;target_2
sub-205;target_3;target_1;target_2
sub-206;target_1;target_2;target_3
sub-207;target_2;target_1;target_3
sub-208;target_1;target_2;target_3
sub-209;target_2;target_1;target_3
sub-210;target_1;target_2;target_3
sub-211;target_1;target_3;target_2
sub-212;target_2;target_3;target_1
sub-213;target_3;target_2;target_1
sub-214;target_1;target_2;target_3
sub-215;target_1;target_2;target_3
sub-216;target_1;target_2;target_3
sub-217;target_3;target_1;target_2
sub-218;target_1;target_3;target_2
sub-219;target_1;target_2;target_3
sub-220;target_3;target_1;target_2
sub-221;target_1;target_2;target_3
sub-222;target_2;target_3;target_1
sub-223;target_3;target_1;target_2
sub-224;target_3;target_1;target_2
sub-225;target_1;target_3;target_2
sub-226;target_1;target_3;target_2
sub-227;target_1;target_3;target_2
sub-228;target_2;target_1;target_3
sub-229;target_1;target_3;target_2
sub-230;target_1;target_2;target_3
sub-231;target_3;target_1;target_2
sub-232;target_1;target_2;target_3
sub-233;target_1;target_3;target_2
sub-234;target_1;target_2;target_3
sub-235;target_2;target_3;target_1
sub-236;target_1;target_2;target_3
sub-237;target_3;target_2;target_1
sub-238;target_3;target_1;target_2
sub-239;target_1;target_3;target_2
sub-240;target_2;target_1;target_3
sub-241;target_3;target_1;target_2
sub-242;target_1;target_3;target_2
sub-243;target_2;target_3;target_1
sub-244;target_3;target_1;target_2
sub-245;target_2;target_3;target_1
sub-246;target_3;target_1;target_2
sub-247;target_3;target_2;target_1
sub-248;target_1;target_3;target_2
sub-249;target_3;target_2;target_1
sub-250;target_3;target_2;target_1
